{
    "Bitcoin_HW0_1.mp4": [
        {
            "start_frame": "15",
            "end_frame": "45",
            "action_type": "type",
            "down_coordinate": [
                33.063063063063055,
                6.666666666666667
            ],
            "up_coordinate": [
                33.063063063063055,
                6.666666666666667
            ],
            "type_word": "2"
        },
        {
            "start_frame": "95",
            "end_frame": "159",
            "action_type": "swip",
            "down_coordinate": [
                2.4324324324323134,
                34.16666666666668
            ],
            "up_coordinate": [
                2.1038685744566576,
                30.71568627450979
            ],
            "type_word": null
        },
        {
            "start_frame": "163",
            "end_frame": "164",
            "action_type": "click",
            "down_coordinate": [
                2.4324324324324325,
                31
            ],
            "up_coordinate": [
                2.4324324324324325,
                31
            ],
            "type_word": null
        },
        {
            "start_frame": "333",
            "end_frame": "336",
            "action_type": "swip",
            "down_coordinate": [
                3.2279909706546275,
                32.5
            ],
            "up_coordinate": [
                3.2032509706546275,
                31.12381304184999
            ],
            "type_word": null
        }
    ],
    "Bitcoin_HW0_2.mp4": [
        {
            "start_frame": "39",
            "end_frame": "81",
            "action_type": "click",
            "down_coordinate": [
                11.08108108108108,
                6.833333333333333
            ],
            "up_coordinate": [
                11.08108108108108,
                6.833333333333333
            ],
            "type_word": null
        },
        {
            "start_frame": "110",
            "end_frame": "166",
            "action_type": "type",
            "down_coordinate": [
                1.3513513513513513,
                47.833333333333336
            ],
            "up_coordinate": [
                1.3513513513513513,
                47.833333333333336
            ],
            "type_word": "開心"
        },
        {
            "start_frame": "210",
            "end_frame": "swip",
            "action_type": "swipe",
            "down_coordinate": [
                1.7117117117117115,
                61
            ],
            "up_coordinate": [
                1.7117117117117115,
                61
            ],
            "type_word": null
        },
        {
            "start_frame": "35",
            "end_frame": "37",
            "action_type": "click",
            "down_coordinate": [
                14.054054054054053,
                3.9999999999999947
            ],
            "up_coordinate": [
                14.054054054054053,
                3.9999999999999947,
            ],
            "type_word": null
        }
    ]
}